address,source
a.pool.ml,https://raw.githubusercontent.com/andoniaf/mining-pools-list/master/mining-pools.lst
ad.antpool.com,https://raw.githubusercontent.com/andoniaf/mining-pools-list/master/mining-pools.lst
adzcoin.miningpoolhub.com,https://raw.githubusercontent.com/andoniaf/mining-pools-list/master/mining-pools.lst
aeon.extremepool.org,https://raw.githubusercontent.com/andoniaf/mining-pools-list/master/mining-pools.lst
aeon.minecraftpool.com,https://raw.githubusercontent.com/andoniaf/mining-pools-list/master/mining-pools.lst
aeon.pool.minergate.com,https://raw.githubusercontent.com/andoniaf/mining-pools-list/master/mining-pools.lst
aeon.pools.e-scavo.net.ar,https://raw.githubusercontent.com/andoniaf/mining-pools-list/master/mining-pools.lst
aeon.poolto.be,https://raw.githubusercontent.com/andoniaf/mining-pools-list/master/mining-pools.lst
ahashpool.com,https://raw.githubusercontent.com/andoniaf/mining-pools-list/master/mining-pools.lst
aikapool.com,https://raw.githubusercontent.com/andoniaf/mining-pools-list/master/mining-pools.lst
alimabi.cn,https://raw.githubusercontent.com/andoniaf/mining-pools-list/master/mining-pools.lst
allports-1.lindon-pool.win,https://raw.githubusercontent.com/andoniaf/mining-pools-list/master/mining-pools.lst
altpool.pro,https://raw.githubusercontent.com/andoniaf/mining-pools-list/master/mining-pools.lst
antpool.com,https://raw.githubusercontent.com/andoniaf/mining-pools-list/master/mining-pools.lst
api.ella.mypool.online,https://raw.githubusercontent.com/andoniaf/mining-pools-list/master/mining-pools.lst
api.etc.mypool.online,https://raw.githubusercontent.com/andoniaf/mining-pools-list/master/mining-pools.lst
api.eth.mypool.online,https://raw.githubusercontent.com/andoniaf/mining-pools-list/master/mining-pools.lst
api.eth.spacepools.org,https://raw.githubusercontent.com/andoniaf/mining-pools-list/master/mining-pools.lst
api.ethpool.org,https://raw.githubusercontent.com/andoniaf/mining-pools-list/master/mining-pools.lst
api.etn.spacepools.org,https://raw.githubusercontent.com/andoniaf/mining-pools-list/master/mining-pools.lst
api.exp.mypool.online,https://raw.githubusercontent.com/andoniaf/mining-pools-list/master/mining-pools.lst
api.mixin.lindon-pool.win,https://raw.githubusercontent.com/andoniaf/mining-pools-list/master/mining-pools.lst
api.moneropool.com,https://raw.githubusercontent.com/andoniaf/mining-pools-list/master/mining-pools.lst
api.multipool.us,https://raw.githubusercontent.com/andoniaf/mining-pools-list/master/mining-pools.lst
api.music.mypool.online,https://raw.githubusercontent.com/andoniaf/mining-pools-list/master/mining-pools.lst
api.nanopool.org,https://raw.githubusercontent.com/andoniaf/mining-pools-list/master/mining-pools.lst
api.nnc.mypool.online,https://raw.githubusercontent.com/andoniaf/mining-pools-list/master/mining-pools.lst
api.pirl.mypool.online,https://raw.githubusercontent.com/andoniaf/mining-pools-list/master/mining-pools.lst
api.pool.bitcoin.com,https://raw.githubusercontent.com/andoniaf/mining-pools-list/master/mining-pools.lst
api.pooldd.com,https://raw.githubusercontent.com/andoniaf/mining-pools-list/master/mining-pools.lst
api.slushpool.com,https://raw.githubusercontent.com/andoniaf/mining-pools-list/master/mining-pools.lst
api.sumo.spacepools.org,https://raw.githubusercontent.com/andoniaf/mining-pools-list/master/mining-pools.lst
api.ubq.mypool.online,https://raw.githubusercontent.com/andoniaf/mining-pools-list/master/mining-pools.lst
api.xmr.mypool.online,https://raw.githubusercontent.com/andoniaf/mining-pools-list/master/mining-pools.lst
api.xmr.spacepools.org,https://raw.githubusercontent.com/andoniaf/mining-pools-list/master/mining-pools.lst
api.xmrpool.net,https://raw.githubusercontent.com/andoniaf/mining-pools-list/master/mining-pools.lst
api.xmrpool.xyz,https://raw.githubusercontent.com/andoniaf/mining-pools-list/master/mining-pools.lst
api.zec.spacepools.org,https://raw.githubusercontent.com/andoniaf/mining-pools-list/master/mining-pools.lst
app.antpool.com,https://raw.githubusercontent.com/andoniaf/mining-pools-list/master/mining-pools.lst
app.slushpool.com,https://raw.githubusercontent.com/andoniaf/mining-pools-list/master/mining-pools.lst
appv2.antpool.com,https://raw.githubusercontent.com/andoniaf/mining-pools-list/master/mining-pools.lst
aricoin.miningpoolhub.com,https://raw.githubusercontent.com/andoniaf/mining-pools-list/master/mining-pools.lst
asia.cryptonight-hub.miningpoolhub.com,https://raw.githubusercontent.com/andoniaf/mining-pools-list/master/mining-pools.lst
asia.equihash-hub.miningpoolhub.com,https://raw.githubusercontent.com/andoniaf/mining-pools-list/master/mining-pools.lst
asia.ethash-hub.miningpoolhub.com,https://raw.githubusercontent.com/andoniaf/mining-pools-list/master/mining-pools.lst
asia.monero.miningpoolhub.com,https://raw.githubusercontent.com/andoniaf/mining-pools-list/master/mining-pools.lst
asia1.ethereum.miningpoolhub.com,https://raw.githubusercontent.com/andoniaf/mining-pools-list/master/mining-pools.lst
asia1.ethpool.org,https://raw.githubusercontent.com/andoniaf/mining-pools-list/master/mining-pools.lst
asia1.nanopool.org,https://raw.githubusercontent.com/andoniaf/mining-pools-list/master/mining-pools.lst
asia1.zcash.miningpoolhub.com,https://raw.githubusercontent.com/andoniaf/mining-pools-list/master/mining-pools.lst
autoconfig.cryptominingpool.eu,https://raw.githubusercontent.com/andoniaf/mining-pools-list/master/mining-pools.lst
autodiscover.cryptominingpool.eu,https://raw.githubusercontent.com/andoniaf/mining-pools-list/master/mining-pools.lst
b.pool.gq,https://raw.githubusercontent.com/andoniaf/mining-pools-list/master/mining-pools.lst
bbr.extremepool.org,https://raw.githubusercontent.com/andoniaf/mining-pools-list/master/mining-pools.lst
bbr.poolto.be,https://raw.githubusercontent.com/andoniaf/mining-pools-list/master/mining-pools.lst
bbrdev.poolto.be,https://raw.githubusercontent.com/andoniaf/mining-pools-list/master/mining-pools.lst
bbrp.poolto.be,https://raw.githubusercontent.com/andoniaf/mining-pools-list/master/mining-pools.lst
bbrtest.poolto.be,https://raw.githubusercontent.com/andoniaf/mining-pools-list/master/mining-pools.lst
bcc.poolto.be,https://raw.githubusercontent.com/andoniaf/mining-pools-list/master/mining-pools.lst
bcn.ext-pool.net,https://raw.githubusercontent.com/andoniaf/mining-pools-list/master/mining-pools.lst
bcn.extremepool.org,https://raw.githubusercontent.com/andoniaf/mining-pools-list/master/mining-pools.lst
bcn.mypool.online,https://raw.githubusercontent.com/andoniaf/mining-pools-list/master/mining-pools.lst
bcn.pool.minergate.com,https://raw.githubusercontent.com/andoniaf/mining-pools-list/master/mining-pools.lst
bestETNpool.com,https://raw.githubusercontent.com/andoniaf/mining-pools-list/master/mining-pools.lst
bestxmrpool.com,https://raw.githubusercontent.com/andoniaf/mining-pools-list/master/mining-pools.lst
beta.slushpool.com,https://raw.githubusercontent.com/andoniaf/mining-pools-list/master/mining-pools.lst
bic.mypool.name,https://raw.githubusercontent.com/andoniaf/mining-pools-list/master/mining-pools.lst
bip.mypool.name,https://raw.githubusercontent.com/andoniaf/mining-pools-list/master/mining-pools.lst
bip.mypool.online,https://raw.githubusercontent.com/andoniaf/mining-pools-list/master/mining-pools.lst
bip.poolto.be,https://raw.githubusercontent.com/andoniaf/mining-pools-list/master/mining-pools.lst
bitcoin.miningpoolhub.com,https://raw.githubusercontent.com/andoniaf/mining-pools-list/master/mining-pools.lst
bitcoin-cash.miningpoolhub.com,https://raw.githubusercontent.com/andoniaf/mining-pools-list/master/mining-pools.lst
bitcoinz.getpool.network,https://raw.githubusercontent.com/andoniaf/mining-pools-list/master/mining-pools.lst
bitconnectpool.co,https://raw.githubusercontent.com/andoniaf/mining-pools-list/master/mining-pools.lst
blog.slushpool.com,https://raw.githubusercontent.com/andoniaf/mining-pools-list/master/mining-pools.lst
bohemianpool.com,https://raw.githubusercontent.com/andoniaf/mining-pools-list/master/mining-pools.lst
boolberry.extremepool.org,https://raw.githubusercontent.com/andoniaf/mining-pools-list/master/mining-pools.lst
btc.poolmining.eu,https://raw.githubusercontent.com/andoniaf/mining-pools-list/master/mining-pools.lst
btg.altpool.pro,https://raw.githubusercontent.com/andoniaf/mining-pools-list/master/mining-pools.lst
btgpool.pro,https://raw.githubusercontent.com/andoniaf/mining-pools-list/master/mining-pools.lst
calc.btgpool.pro,https://raw.githubusercontent.com/andoniaf/mining-pools-list/master/mining-pools.lst
checkcoin.miningpoolhub.com,https://raw.githubusercontent.com/andoniaf/mining-pools-list/master/mining-pools.lst
chekazpools.com,https://raw.githubusercontent.com/andoniaf/mining-pools-list/master/mining-pools.lst
clortho.multipool.us,https://raw.githubusercontent.com/andoniaf/mining-pools-list/master/mining-pools.lst
cn.dwarfpool.com,https://raw.githubusercontent.com/andoniaf/mining-pools-list/master/mining-pools.lst
cn.stratum.slushpool.com,https://raw.githubusercontent.com/andoniaf/mining-pools-list/master/mining-pools.lst
coal.mypool.name,https://raw.githubusercontent.com/andoniaf/mining-pools-list/master/mining-pools.lst
coal.mypool.online,https://raw.githubusercontent.com/andoniaf/mining-pools-list/master/mining-pools.lst
coinpool.cloud,https://raw.githubusercontent.com/andoniaf/mining-pools-list/master/mining-pools.lst
coins.poolto.be,https://raw.githubusercontent.com/andoniaf/mining-pools-list/master/mining-pools.lst
coinspool.cu.cc,https://raw.githubusercontent.com/andoniaf/mining-pools-list/master/mining-pools.lst
connect.pool.bitcoin.com,https://raw.githubusercontent.com/andoniaf/mining-pools-list/master/mining-pools.lst
console.pool.bitcoin.com,https://raw.githubusercontent.com/andoniaf/mining-pools-list/master/mining-pools.lst
cpanel.graftpool.net,https://raw.githubusercontent.com/andoniaf/mining-pools-list/master/mining-pools.lst
crevacoin.miningpoolhub.com,https://raw.githubusercontent.com/andoniaf/mining-pools-list/master/mining-pools.lst
cryptohunger.com,https://raw.githubusercontent.com/andoniaf/mining-pools-list/master/mining-pools.lst
cryptominingpool.eu,https://raw.githubusercontent.com/andoniaf/mining-pools-list/master/mining-pools.lst
cryptonotepool.org,https://raw.githubusercontent.com/andoniaf/mining-pools-list/master/mining-pools.lst
cryptonotepool.org.uk,https://raw.githubusercontent.com/andoniaf/mining-pools-list/master/mining-pools.lst
crypto-pool.fr,https://raw.githubusercontent.com/andoniaf/mining-pools-list/master/mining-pools.lst
cryptopool.pro,https://raw.githubusercontent.com/andoniaf/mining-pools-list/master/mining-pools.lst
cryptoxpool.com,https://raw.githubusercontent.com/andoniaf/mining-pools-list/master/mining-pools.lst
cure.cryptopools.com,https://raw.githubusercontent.com/andoniaf/mining-pools-list/master/mining-pools.lst
darkcoin.miningpoolhub.com,https://raw.githubusercontent.com/andoniaf/mining-pools-list/master/mining-pools.lst
dash.miningpoolhub.com,https://raw.githubusercontent.com/andoniaf/mining-pools-list/master/mining-pools.lst
dash.poolmining.eu,https://raw.githubusercontent.com/andoniaf/mining-pools-list/master/mining-pools.lst
dash.poolto.be,https://raw.githubusercontent.com/andoniaf/mining-pools-list/master/mining-pools.lst
dashpool.coinversus.com,https://raw.githubusercontent.com/andoniaf/mining-pools-list/master/mining-pools.lst
db.xmrpool.net,https://raw.githubusercontent.com/andoniaf/mining-pools-list/master/mining-pools.lst
dbix.drowningpool.net,https://raw.githubusercontent.com/andoniaf/mining-pools-list/master/mining-pools.lst
dc.deltapool.net,https://raw.githubusercontent.com/andoniaf/mining-pools-list/master/mining-pools.lst
dcr.pool.mn,https://raw.githubusercontent.com/andoniaf/mining-pools-list/master/mining-pools.lst
dcy.mypool.name,https://raw.githubusercontent.com/andoniaf/mining-pools-list/master/mining-pools.lst
dcy.mypool.online,https://raw.githubusercontent.com/andoniaf/mining-pools-list/master/mining-pools.lst
de.ckpool.org,https://raw.githubusercontent.com/andoniaf/mining-pools-list/master/mining-pools.lst
decred.mine.zpool.ca,https://raw.githubusercontent.com/andoniaf/mining-pools-list/master/mining-pools.lst
deltapool.net,https://raw.githubusercontent.com/andoniaf/mining-pools-list/master/mining-pools.lst
depool.ckpool.org,https://raw.githubusercontent.com/andoniaf/mining-pools-list/master/mining-pools.lst
depoolstratum.ckpool.org,https://raw.githubusercontent.com/andoniaf/mining-pools-list/master/mining-pools.lst
destratum.ckpool.org,https://raw.githubusercontent.com/andoniaf/mining-pools-list/master/mining-pools.lst
dev.multipool.us,https://raw.githubusercontent.com/andoniaf/mining-pools-list/master/mining-pools.lst
dev.mypool.online,https://raw.githubusercontent.com/andoniaf/mining-pools-list/master/mining-pools.lst
dgbsha.poolto.be,https://raw.githubusercontent.com/andoniaf/mining-pools-list/master/mining-pools.lst
di.ckpool.org,https://raw.githubusercontent.com/andoniaf/mining-pools-list/master/mining-pools.lst
digibyte-groestl.miningpoolhub.com,https://raw.githubusercontent.com/andoniaf/mining-pools-list/master/mining-pools.lst
digibyte-qubit.miningpoolhub.com,https://raw.githubusercontent.com/andoniaf/mining-pools-list/master/mining-pools.lst
digibyte-skein.miningpoolhub.com,https://raw.githubusercontent.com/andoniaf/mining-pools-list/master/mining-pools.lst
digitalcoin-x11.miningpoolhub.com,https://raw.githubusercontent.com/andoniaf/mining-pools-list/master/mining-pools.lst
dkm.mypool.name,https://raw.githubusercontent.com/andoniaf/mining-pools-list/master/mining-pools.lst
dnsseed.litecoinpool.org,https://raw.githubusercontent.com/andoniaf/mining-pools-list/master/mining-pools.lst
docker.f2pool.com,https://raw.githubusercontent.com/andoniaf/mining-pools-list/master/mining-pools.lst
doge.netcodepool.org,https://raw.githubusercontent.com/andoniaf/mining-pools-list/master/mining-pools.lst
dogepool.rf.gd,https://raw.githubusercontent.com/andoniaf/mining-pools-list/master/mining-pools.lst
dosh.extremepool.org,https://raw.githubusercontent.com/andoniaf/mining-pools-list/master/mining-pools.lst
drk.poolto.be,https://raw.githubusercontent.com/andoniaf/mining-pools-list/master/mining-pools.lst
drowningpool.net,https://raw.githubusercontent.com/andoniaf/mining-pools-list/master/mining-pools.lst
dsh.extremepool.org,https://raw.githubusercontent.com/andoniaf/mining-pools-list/master/mining-pools.lst
dsh.mypool.name,https://raw.githubusercontent.com/andoniaf/mining-pools-list/master/mining-pools.lst
dsh.mypool.online,https://raw.githubusercontent.com/andoniaf/mining-pools-list/master/mining-pools.lst
dsh.pool.minergate.com,https://raw.githubusercontent.com/andoniaf/mining-pools-list/master/mining-pools.lst
duck.extremepool.org,https://raw.githubusercontent.com/andoniaf/mining-pools-list/master/mining-pools.lst
duck.pool.minergate.com,https://raw.githubusercontent.com/andoniaf/mining-pools-list/master/mining-pools.lst
dwarfpool.com,https://raw.githubusercontent.com/andoniaf/mining-pools-list/master/mining-pools.lst
electroneum.cryptominingpool.eu,https://raw.githubusercontent.com/andoniaf/mining-pools-list/master/mining-pools.lst
ella.mypool.online,https://raw.githubusercontent.com/andoniaf/mining-pools-list/master/mining-pools.lst
equihash.mine.zpool.ca,https://raw.githubusercontent.com/andoniaf/mining-pools-list/master/mining-pools.lst
equihash.mypool.online,https://raw.githubusercontent.com/andoniaf/mining-pools-list/master/mining-pools.lst
erebor.dwarfpool.com,https://raw.githubusercontent.com/andoniaf/mining-pools-list/master/mining-pools.lst
etc.f2pool.com,https://raw.githubusercontent.com/andoniaf/mining-pools-list/master/mining-pools.lst
etc.mypool.online,https://raw.githubusercontent.com/andoniaf/mining-pools-list/master/mining-pools.lst
etc.nanopool.org,https://raw.githubusercontent.com/andoniaf/mining-pools-list/master/mining-pools.lst
etc.pool.minergate.com,https://raw.githubusercontent.com/andoniaf/mining-pools-list/master/mining-pools.lst
etc.poolto.be,https://raw.githubusercontent.com/andoniaf/mining-pools-list/master/mining-pools.lst
etc-asia1.nanopool.org,https://raw.githubusercontent.com/andoniaf/mining-pools-list/master/mining-pools.lst
etc-eu1.nanopool.org,https://raw.githubusercontent.com/andoniaf/mining-pools-list/master/mining-pools.lst
etc-eu2.nanopool.org,https://raw.githubusercontent.com/andoniaf/mining-pools-list/master/mining-pools.lst
eth.antpool.com,https://raw.githubusercontent.com/andoniaf/mining-pools-list/master/mining-pools.lst
eth.f2pool.com,https://raw.githubusercontent.com/andoniaf/mining-pools-list/master/mining-pools.lst
eth.mypool.online,https://raw.githubusercontent.com/andoniaf/mining-pools-list/master/mining-pools.lst
eth.nanopool.org,https://raw.githubusercontent.com/andoniaf/mining-pools-list/master/mining-pools.lst
eth.pool.minergate.com,https://raw.githubusercontent.com/andoniaf/mining-pools-list/master/mining-pools.lst
eth.poolmining.eu,https://raw.githubusercontent.com/andoniaf/mining-pools-list/master/mining-pools.lst
eth.poolto.be,https://raw.githubusercontent.com/andoniaf/mining-pools-list/master/mining-pools.lst
eth1.nanopool.org,https://raw.githubusercontent.com/andoniaf/mining-pools-list/master/mining-pools.lst
eth-ar.dwarfpool.com,https://raw.githubusercontent.com/andoniaf/mining-pools-list/master/mining-pools.lst
eth-asia.dwarfpool.com,https://raw.githubusercontent.com/andoniaf/mining-pools-list/master/mining-pools.lst
eth-asia1.nanopool.org,https://raw.githubusercontent.com/andoniaf/mining-pools-list/master/mining-pools.lst
eth-au.dwarfpool.com,https://raw.githubusercontent.com/andoniaf/mining-pools-list/master/mining-pools.lst
eth-br.dwarfpool.com,https://raw.githubusercontent.com/andoniaf/mining-pools-list/master/mining-pools.lst
eth-cn.dwarfpool.com,https://raw.githubusercontent.com/andoniaf/mining-pools-list/master/mining-pools.lst
eth-cn2.dwarfpool.com,https://raw.githubusercontent.com/andoniaf/mining-pools-list/master/mining-pools.lst
ethereum.miningpoolhub.com,https://raw.githubusercontent.com/andoniaf/mining-pools-list/master/mining-pools.lst
ethereum-classic.miningpoolhub.com,https://raw.githubusercontent.com/andoniaf/mining-pools-list/master/mining-pools.lst
eth-eu.dwarfpool.com,https://raw.githubusercontent.com/andoniaf/mining-pools-list/master/mining-pools.lst
eth-eu1.nanopool.org,https://raw.githubusercontent.com/andoniaf/mining-pools-list/master/mining-pools.lst
eth-eu2.nanopool.org,https://raw.githubusercontent.com/andoniaf/mining-pools-list/master/mining-pools.lst
eth-hk.dwarfpool.com,https://raw.githubusercontent.com/andoniaf/mining-pools-list/master/mining-pools.lst
ethpool.org,https://raw.githubusercontent.com/andoniaf/mining-pools-list/master/mining-pools.lst
eth-pool.ucrypto.net,https://raw.githubusercontent.com/andoniaf/mining-pools-list/master/mining-pools.lst
eth-ru.dwarfpool.com,https://raw.githubusercontent.com/andoniaf/mining-pools-list/master/mining-pools.lst
eth-ru2.dwarfpool.com,https://raw.githubusercontent.com/andoniaf/mining-pools-list/master/mining-pools.lst
eth-sg.dwarfpool.com,https://raw.githubusercontent.com/andoniaf/mining-pools-list/master/mining-pools.lst
eth-us.dwarfpool.com,https://raw.githubusercontent.com/andoniaf/mining-pools-list/master/mining-pools.lst
eth-us2.dwarfpool.com,https://raw.githubusercontent.com/andoniaf/mining-pools-list/master/mining-pools.lst
eth-us-east1.nanopool.org,https://raw.githubusercontent.com/andoniaf/mining-pools-list/master/mining-pools.lst
eth-us-west1.nanopool.org,https://raw.githubusercontent.com/andoniaf/mining-pools-list/master/mining-pools.lst
ethweb.antpool.com,https://raw.githubusercontent.com/andoniaf/mining-pools-list/master/mining-pools.lst
etn.cryptoxpool.com,https://raw.githubusercontent.com/andoniaf/mining-pools-list/master/mining-pools.lst
etn.lindon-pool.win,https://raw.githubusercontent.com/andoniaf/mining-pools-list/master/mining-pools.lst
etn.minecraftpool.com,https://raw.githubusercontent.com/andoniaf/mining-pools-list/master/mining-pools.lst
etn.nanopool.org,https://raw.githubusercontent.com/andoniaf/mining-pools-list/master/mining-pools.lst
etn.spacepools.org,https://raw.githubusercontent.com/andoniaf/mining-pools-list/master/mining-pools.lst
etn.xzpool.com,https://raw.githubusercontent.com/andoniaf/mining-pools-list/master/mining-pools.lst
etnhashpool.tk,https://raw.githubusercontent.com/andoniaf/mining-pools-list/master/mining-pools.lst
etnpool.minekitten.io,https://raw.githubusercontent.com/andoniaf/mining-pools-list/master/mining-pools.lst
etn-us-west1.nanopool.org,https://raw.githubusercontent.com/andoniaf/mining-pools-list/master/mining-pools.lst
eu.bohemianpool.com,https://raw.githubusercontent.com/andoniaf/mining-pools-list/master/mining-pools.lst
eu.btgpool.pro,https://raw.githubusercontent.com/andoniaf/mining-pools-list/master/mining-pools.lst
eu.hushpool.cloud,https://raw.githubusercontent.com/andoniaf/mining-pools-list/master/mining-pools.lst
eu.multipool.us,https://raw.githubusercontent.com/andoniaf/mining-pools-list/master/mining-pools.lst
eu.pool.graft.network,https://raw.githubusercontent.com/andoniaf/mining-pools-list/master/mining-pools.lst
eu.stratum.slushpool.com,https://raw.githubusercontent.com/andoniaf/mining-pools-list/master/mining-pools.lst
eu.wafflepool.com,https://raw.githubusercontent.com/andoniaf/mining-pools-list/master/mining-pools.lst
eu.zec.slushpool.com,https://raw.githubusercontent.com/andoniaf/mining-pools-list/master/mining-pools.lst
eu1.ethpool.org,https://raw.githubusercontent.com/andoniaf/mining-pools-list/master/mining-pools.lst
eu1.nanopool.org,https://raw.githubusercontent.com/andoniaf/mining-pools-list/master/mining-pools.lst
eu2.multipool.us,https://raw.githubusercontent.com/andoniaf/mining-pools-list/master/mining-pools.lst
europe.cryptonight-hub.miningpoolhub.com,https://raw.githubusercontent.com/andoniaf/mining-pools-list/master/mining-pools.lst
europe.equihash-hub.miningpoolhub.com,https://raw.githubusercontent.com/andoniaf/mining-pools-list/master/mining-pools.lst
europe.ethash-hub.miningpoolhub.com,https://raw.githubusercontent.com/andoniaf/mining-pools-list/master/mining-pools.lst
europe.monero.miningpoolhub.com,https://raw.githubusercontent.com/andoniaf/mining-pools-list/master/mining-pools.lst
europe.zcoin.miningpoolhub.com,https://raw.githubusercontent.com/andoniaf/mining-pools-list/master/mining-pools.lst
europe1.darkcoin.miningpoolhub.com,https://raw.githubusercontent.com/andoniaf/mining-pools-list/master/mining-pools.lst
execoin.miningpoolhub.com,https://raw.githubusercontent.com/andoniaf/mining-pools-list/master/mining-pools.lst
exp.mypool.online,https://raw.githubusercontent.com/andoniaf/mining-pools-list/master/mining-pools.lst
exp.poolto.be,https://raw.githubusercontent.com/andoniaf/mining-pools-list/master/mining-pools.lst
exp1.nanopool.org,https://raw.githubusercontent.com/andoniaf/mining-pools-list/master/mining-pools.lst
expanse.miningpoolhub.com,https://raw.githubusercontent.com/andoniaf/mining-pools-list/master/mining-pools.lst
exp-eu.dwarfpool.com,https://raw.githubusercontent.com/andoniaf/mining-pools-list/master/mining-pools.lst
explorer.nnc.mypool.online,https://raw.githubusercontent.com/andoniaf/mining-pools-list/master/mining-pools.lst
exp-us.dwarfpool.com,https://raw.githubusercontent.com/andoniaf/mining-pools-list/master/mining-pools.lst
extremepool.org,https://raw.githubusercontent.com/andoniaf/mining-pools-list/master/mining-pools.lst
f.pooling.cf,https://raw.githubusercontent.com/andoniaf/mining-pools-list/master/mining-pools.lst
f2pool.com,https://raw.githubusercontent.com/andoniaf/mining-pools-list/master/mining-pools.lst
faraday.mmpool.org,https://raw.githubusercontent.com/andoniaf/mining-pools-list/master/mining-pools.lst
fcn.extremepool.org,https://raw.githubusercontent.com/andoniaf/mining-pools-list/master/mining-pools.lst
fcn.mypool.name,https://raw.githubusercontent.com/andoniaf/mining-pools-list/master/mining-pools.lst
fcn.mypool.online,https://raw.githubusercontent.com/andoniaf/mining-pools-list/master/mining-pools.lst
fcn.pool.minergate.com,https://raw.githubusercontent.com/andoniaf/mining-pools-list/master/mining-pools.lst
fcn-bcn.pool.minergate.com,https://raw.githubusercontent.com/andoniaf/mining-pools-list/master/mining-pools.lst
fcn-dsh.pool.minergate.com,https://raw.githubusercontent.com/andoniaf/mining-pools-list/master/mining-pools.lst
fcn-inf8.pool.minergate.com,https://raw.githubusercontent.com/andoniaf/mining-pools-list/master/mining-pools.lst
fcn-mro.pool.minergate.com,https://raw.githubusercontent.com/andoniaf/mining-pools-list/master/mining-pools.lst
fcn-qcn.pool.minergate.com,https://raw.githubusercontent.com/andoniaf/mining-pools-list/master/mining-pools.lst
fcn-xmr.pool.minergate.com,https://raw.githubusercontent.com/andoniaf/mining-pools-list/master/mining-pools.lst
feathercoin.miningpoolhub.com,https://raw.githubusercontent.com/andoniaf/mining-pools-list/master/mining-pools.lst
fedora.poolto.be,https://raw.githubusercontent.com/andoniaf/mining-pools-list/master/mining-pools.lst
feedback.poolmining.org,https://raw.githubusercontent.com/andoniaf/mining-pools-list/master/mining-pools.lst
forums.deltapool.net,https://raw.githubusercontent.com/andoniaf/mining-pools-list/master/mining-pools.lst
fractalcoin.miningpoolhub.com,https://raw.githubusercontent.com/andoniaf/mining-pools-list/master/mining-pools.lst
frankfurt-1.xmrpool.net,https://raw.githubusercontent.com/andoniaf/mining-pools-list/master/mining-pools.lst
friendshipcoin.miningpoolhub.com,https://raw.githubusercontent.com/andoniaf/mining-pools-list/master/mining-pools.lst
ftp.cryptominingpool.eu,https://raw.githubusercontent.com/andoniaf/mining-pools-list/master/mining-pools.lst
ftp.deltapool.net,https://raw.githubusercontent.com/andoniaf/mining-pools-list/master/mining-pools.lst
game.poolto.be,https://raw.githubusercontent.com/andoniaf/mining-pools-list/master/mining-pools.lst
gamecredits.miningpoolhub.com,https://raw.githubusercontent.com/andoniaf/mining-pools-list/master/mining-pools.lst
geocoin.miningpoolhub.com,https://raw.githubusercontent.com/andoniaf/mining-pools-list/master/mining-pools.lst
getpool.network,https://raw.githubusercontent.com/andoniaf/mining-pools-list/master/mining-pools.lst
givecoin.miningpoolhub.com,https://raw.githubusercontent.com/andoniaf/mining-pools-list/master/mining-pools.lst
globalboosty.miningpoolhub.com,https://raw.githubusercontent.com/andoniaf/mining-pools-list/master/mining-pools.lst
grafana.lindon-pool.win,https://raw.githubusercontent.com/andoniaf/mining-pools-list/master/mining-pools.lst
grafana.xmrpool.net,https://raw.githubusercontent.com/andoniaf/mining-pools-list/master/mining-pools.lst
graft.poolisto.com,https://raw.githubusercontent.com/andoniaf/mining-pools-list/master/mining-pools.lst
graftpool.net/,https://raw.githubusercontent.com/andoniaf/mining-pools-list/master/mining-pools.lst
granite.miningpoolhub.com,https://raw.githubusercontent.com/andoniaf/mining-pools-list/master/mining-pools.lst
groestlcoin.biz,https://raw.githubusercontent.com/andoniaf/mining-pools-list/master/mining-pools.lst
groestlcoin.miningpoolhub.com,https://raw.githubusercontent.com/andoniaf/mining-pools-list/master/mining-pools.lst
grs.cpu-pool.net,https://raw.githubusercontent.com/andoniaf/mining-pools-list/master/mining-pools.lst
h.nanopool.org,https://raw.githubusercontent.com/andoniaf/mining-pools-list/master/mining-pools.lst
halibut.multipool.us,https://raw.githubusercontent.com/andoniaf/mining-pools-list/master/mining-pools.lst
hash.rigpool.com,https://raw.githubusercontent.com/andoniaf/mining-pools-list/master/mining-pools.lst
hashinvest.net,https://raw.githubusercontent.com/andoniaf/mining-pools-list/master/mining-pools.lst
hcn.cryptopool.pro,https://raw.githubusercontent.com/andoniaf/mining-pools-list/master/mining-pools.lst
hub.miningpoolhub.com,https://raw.githubusercontent.com/andoniaf/mining-pools-list/master/mining-pools.lst
hush.poolto.be,https://raw.githubusercontent.com/andoniaf/mining-pools-list/master/mining-pools.lst
hushpool.cloud,https://raw.githubusercontent.com/andoniaf/mining-pools-list/master/mining-pools.lst
inf8.extremepool.org,https://raw.githubusercontent.com/andoniaf/mining-pools-list/master/mining-pools.lst
inf8.pool.minergate.com,https://raw.githubusercontent.com/andoniaf/mining-pools-list/master/mining-pools.lst
influx.miningpoolhub.com,https://raw.githubusercontent.com/andoniaf/mining-pools-list/master/mining-pools.lst
io.litecoinpool.org,https://raw.githubusercontent.com/andoniaf/mining-pools-list/master/mining-pools.lst
iwanttoearn.money,https://raw.githubusercontent.com/andoniaf/mining-pools-list/master/mining-pools.lst
jackpotcoin.miningpoolhub.com,https://raw.githubusercontent.com/andoniaf/mining-pools-list/master/mining-pools.lst
jp.lapool.me,https://raw.githubusercontent.com/andoniaf/mining-pools-list/master/mining-pools.lst
kgd.node.krb.mypool.online,https://raw.githubusercontent.com/andoniaf/mining-pools-list/master/mining-pools.lst
kippo.eu,https://raw.githubusercontent.com/andoniaf/mining-pools-list/master/mining-pools.lst
krb.mypool.name,https://raw.githubusercontent.com/andoniaf/mining-pools-list/master/mining-pools.lst
krb.mypool.online,https://raw.githubusercontent.com/andoniaf/mining-pools-list/master/mining-pools.lst
lindon-pool.win,https://raw.githubusercontent.com/andoniaf/mining-pools-list/master/mining-pools.lst
litecoin.miningpoolhub.com,https://raw.githubusercontent.com/andoniaf/mining-pools-list/master/mining-pools.lst
litecoinpool.org,https://raw.githubusercontent.com/andoniaf/mining-pools-list/master/mining-pools.lst
local.ckpool.org,https://raw.githubusercontent.com/andoniaf/mining-pools-list/master/mining-pools.lst
lpool.name,https://raw.githubusercontent.com/andoniaf/mining-pools-list/master/mining-pools.lst
ltc.pool.minergate.com,https://raw.githubusercontent.com/andoniaf/mining-pools-list/master/mining-pools.lst
ltc.poolto.be,https://raw.githubusercontent.com/andoniaf/mining-pools-list/master/mining-pools.lst
luckpool.org,https://raw.githubusercontent.com/andoniaf/mining-pools-list/master/mining-pools.lst
m7m.mine.zpool.ca,https://raw.githubusercontent.com/andoniaf/mining-pools-list/master/mining-pools.lst
mail.altpool.pro,https://raw.githubusercontent.com/andoniaf/mining-pools-list/master/mining-pools.lst
mail.btgpool.pro,https://raw.githubusercontent.com/andoniaf/mining-pools-list/master/mining-pools.lst
mail.cryptominingpool.eu,https://raw.githubusercontent.com/andoniaf/mining-pools-list/master/mining-pools.lst
mail.deltapool.net,https://raw.githubusercontent.com/andoniaf/mining-pools-list/master/mining-pools.lst
mail.graftpool.net,https://raw.githubusercontent.com/andoniaf/mining-pools-list/master/mining-pools.lst
mail.litecoinpool.org,https://raw.githubusercontent.com/andoniaf/mining-pools-list/master/mining-pools.lst
mail.miningpoolhub.com,https://raw.githubusercontent.com/andoniaf/mining-pools-list/master/mining-pools.lst
mail.multipool.us,https://raw.githubusercontent.com/andoniaf/mining-pools-list/master/mining-pools.lst
mail.nanopool.org,https://raw.githubusercontent.com/andoniaf/mining-pools-list/master/mining-pools.lst
mail.ypool.net,https://raw.githubusercontent.com/andoniaf/mining-pools-list/master/mining-pools.lst
mailzimbra.nanopool.org,https://raw.githubusercontent.com/andoniaf/mining-pools-list/master/mining-pools.lst
main.xmrpool.net,https://raw.githubusercontent.com/andoniaf/mining-pools-list/master/mining-pools.lst
manila-1.xmrpool.net,https://raw.githubusercontent.com/andoniaf/mining-pools-list/master/mining-pools.lst
maxcoin.miningpoolhub.com,https://raw.githubusercontent.com/andoniaf/mining-pools-list/master/mining-pools.lst
mcn.pool.minergate.com,https://raw.githubusercontent.com/andoniaf/mining-pools-list/master/mining-pools.lst
mcn-dsh.pool.minergate.com,https://raw.githubusercontent.com/andoniaf/mining-pools-list/master/mining-pools.lst
mcn-inf8.pool.minergate.com,https://raw.githubusercontent.com/andoniaf/mining-pools-list/master/mining-pools.lst
mcn-mro.pool.minergate.com,https://raw.githubusercontent.com/andoniaf/mining-pools-list/master/mining-pools.lst
mcn-qcn.pool.minergate.com,https://raw.githubusercontent.com/andoniaf/mining-pools-list/master/mining-pools.lst
mine.ella.mypool.online,https://raw.githubusercontent.com/andoniaf/mining-pools-list/master/mining-pools.lst
mine.etc.mypool.online,https://raw.githubusercontent.com/andoniaf/mining-pools-list/master/mining-pools.lst
mine.eth.mypool.online,https://raw.githubusercontent.com/andoniaf/mining-pools-list/master/mining-pools.lst
mine.exp.mypool.online,https://raw.githubusercontent.com/andoniaf/mining-pools-list/master/mining-pools.lst
mine.graftpool.net,https://raw.githubusercontent.com/andoniaf/mining-pools-list/master/mining-pools.lst
mine.moneropool.com,https://raw.githubusercontent.com/andoniaf/mining-pools-list/master/mining-pools.lst
mine.moneropool.com.br,https://raw.githubusercontent.com/andoniaf/mining-pools-list/master/mining-pools.lst
mine.moneropool.org,https://raw.githubusercontent.com/andoniaf/mining-pools-list/master/mining-pools.lst
mine.music.mypool.online,https://raw.githubusercontent.com/andoniaf/mining-pools-list/master/mining-pools.lst
mine.nnc.mypool.online,https://raw.githubusercontent.com/andoniaf/mining-pools-list/master/mining-pools.lst
mine.pirl.mypool.online,https://raw.githubusercontent.com/andoniaf/mining-pools-list/master/mining-pools.lst
mine.sumo.fairpool.cloud,https://raw.githubusercontent.com/andoniaf/mining-pools-list/master/mining-pools.lst
mine.ubq.mypool.online,https://raw.githubusercontent.com/andoniaf/mining-pools-list/master/mining-pools.lst
mine.xmr.mypool.online,https://raw.githubusercontent.com/andoniaf/mining-pools-list/master/mining-pools.lst
mine.xmrpool.net,https://raw.githubusercontent.com/andoniaf/mining-pools-list/master/mining-pools.lst
mine.xmrpool.xyz,https://raw.githubusercontent.com/andoniaf/mining-pools-list/master/mining-pools.lst
mine.zpool.ca,https://raw.githubusercontent.com/andoniaf/mining-pools-list/master/mining-pools.lst
mine1.coinmine.pl,https://raw.githubusercontent.com/andoniaf/mining-pools-list/master/mining-pools.lst
mine3.dmd.nonce-pool.com,https://raw.githubusercontent.com/andoniaf/mining-pools-list/master/mining-pools.lst
minecraftpool.com,https://raw.githubusercontent.com/andoniaf/mining-pools-list/master/mining-pools.lst
minemonero.gq,https://raw.githubusercontent.com/andoniaf/mining-pools-list/master/mining-pools.lst
minercircle.com,https://raw.githubusercontent.com/andoniaf/mining-pools-list/master/mining-pools.lst
mineXMR.com,https://raw.githubusercontent.com/andoniaf/mining-pools-list/master/mining-pools.lst
minexmr.pooldd.com,https://raw.githubusercontent.com/andoniaf/mining-pools-list/master/mining-pools.lst
mining.deltapool.net,https://raw.githubusercontent.com/andoniaf/mining-pools-list/master/mining-pools.lst
mining.ypool.net,https://raw.githubusercontent.com/andoniaf/mining-pools-list/master/mining-pools.lst
miningpool.africa,https://raw.githubusercontent.com/andoniaf/mining-pools-list/master/mining-pools.lst
miningpool.thruhere.net,https://raw.githubusercontent.com/andoniaf/mining-pools-list/master/mining-pools.lst
minzpool.ml,https://raw.githubusercontent.com/andoniaf/mining-pools-list/master/mining-pools.lst
mixin.lindon-pool.win,https://raw.githubusercontent.com/andoniaf/mining-pools-list/master/mining-pools.lst
mixpools.org,https://raw.githubusercontent.com/andoniaf/mining-pools-list/master/mining-pools.lst
mmcpool.1gh.com,https://raw.githubusercontent.com/andoniaf/mining-pools-list/master/mining-pools.lst
mmpool.org,https://raw.githubusercontent.com/andoniaf/mining-pools-list/master/mining-pools.lst
mnt.extremepool.org,https://raw.githubusercontent.com/andoniaf/mining-pools-list/master/mining-pools.lst
monacoin.miningpoolhub.com,https://raw.githubusercontent.com/andoniaf/mining-pools-list/master/mining-pools.lst
monero.backup-pool.com,https://raw.githubusercontent.com/andoniaf/mining-pools-list/master/mining-pools.lst
monero.crypto-pool.fr,https://raw.githubusercontent.com/andoniaf/mining-pools-list/master/mining-pools.lst
monero.farm,https://raw.githubusercontent.com/andoniaf/mining-pools-list/master/mining-pools.lst
monero.hashvault.pro,https://raw.githubusercontent.com/andoniaf/mining-pools-list/master/mining-pools.lst
monero.lindon-pool.win,https://raw.githubusercontent.com/andoniaf/mining-pools-list/master/mining-pools.lst
monero.miners.pro,https://raw.githubusercontent.com/andoniaf/mining-pools-list/master/mining-pools.lst
monero.miningpoolhub.com,https://raw.githubusercontent.com/andoniaf/mining-pools-list/master/mining-pools.lst
monero.mmpool.org,https://raw.githubusercontent.com/andoniaf/mining-pools-list/master/mining-pools.lst
monero.net,https://raw.githubusercontent.com/andoniaf/mining-pools-list/master/mining-pools.lst
monero.riefly.id,https://raw.githubusercontent.com/andoniaf/mining-pools-list/master/mining-pools.lst
monero.us.to,https://raw.githubusercontent.com/andoniaf/mining-pools-list/master/mining-pools.lst
monero.xminingpool.com,https://raw.githubusercontent.com/andoniaf/mining-pools-list/master/mining-pools.lst
monerohash.com,https://raw.githubusercontent.com/andoniaf/mining-pools-list/master/mining-pools.lst
monerominers.net,https://raw.githubusercontent.com/andoniaf/mining-pools-list/master/mining-pools.lst
MoneroOcean.stream,https://raw.githubusercontent.com/andoniaf/mining-pools-list/master/mining-pools.lst
moneropool.com,https://raw.githubusercontent.com/andoniaf/mining-pools-list/master/mining-pools.lst
moneropool.nl,https://raw.githubusercontent.com/andoniaf/mining-pools-list/master/mining-pools.lst
moneropool.phoenix.dj,https://raw.githubusercontent.com/andoniaf/mining-pools-list/master/mining-pools.lst
moneropool.ru,https://raw.githubusercontent.com/andoniaf/mining-pools-list/master/mining-pools.lst
monetaryunit.miningpoolhub.com,https://raw.githubusercontent.com/andoniaf/mining-pools-list/master/mining-pools.lst
monitor.antpool.com,https://raw.githubusercontent.com/andoniaf/mining-pools-list/master/mining-pools.lst
monitoring.lindon-pool.win,https://raw.githubusercontent.com/andoniaf/mining-pools-list/master/mining-pools.lst
moria.dwarfpool.com,https://raw.githubusercontent.com/andoniaf/mining-pools-list/master/mining-pools.lst
moriaxmr.com,https://raw.githubusercontent.com/andoniaf/mining-pools-list/master/mining-pools.lst
mro.extremepool.org,https://raw.githubusercontent.com/andoniaf/mining-pools-list/master/mining-pools.lst
mro.pool.minergate.com,https://raw.githubusercontent.com/andoniaf/mining-pools-list/master/mining-pools.lst
mro.poolto.be,https://raw.githubusercontent.com/andoniaf/mining-pools-list/master/mining-pools.lst
mr-usa.dwarfpool.com,https://raw.githubusercontent.com/andoniaf/mining-pools-list/master/mining-pools.lst
multipool.us,https://raw.githubusercontent.com/andoniaf/mining-pools-list/master/mining-pools.lst
music.mypool.online,https://raw.githubusercontent.com/andoniaf/mining-pools-list/master/mining-pools.lst
music.poolto.be,https://raw.githubusercontent.com/andoniaf/mining-pools-list/master/mining-pools.lst
musicoin.miningpoolhub.com,https://raw.githubusercontent.com/andoniaf/mining-pools-list/master/mining-pools.lst
mx.nanopool.org,https://raw.githubusercontent.com/andoniaf/mining-pools-list/master/mining-pools.lst
mx.zpool.ca,https://raw.githubusercontent.com/andoniaf/mining-pools-list/master/mining-pools.lst
mypool.name,https://raw.githubusercontent.com/andoniaf/mining-pools-list/master/mining-pools.lst
mypool.online,https://raw.githubusercontent.com/andoniaf/mining-pools-list/master/mining-pools.lst
myriadcoin-groestl.miningpoolhub.com,https://raw.githubusercontent.com/andoniaf/mining-pools-list/master/mining-pools.lst
myriadcoin-qubit.miningpoolhub.com,https://raw.githubusercontent.com/andoniaf/mining-pools-list/master/mining-pools.lst
myriadcoin-skein.miningpoolhub.com,https://raw.githubusercontent.com/andoniaf/mining-pools-list/master/mining-pools.lst
myriadcoin-yescrypt.miningpoolhub.com,https://raw.githubusercontent.com/andoniaf/mining-pools-list/master/mining-pools.lst
nanopool.org,https://raw.githubusercontent.com/andoniaf/mining-pools-list/master/mining-pools.lst
neoscrypt.mine.zpool.ca,https://raw.githubusercontent.com/andoniaf/mining-pools-list/master/mining-pools.lst
new.brutum-pool.com,https://raw.githubusercontent.com/andoniaf/mining-pools-list/master/mining-pools.lst
night-pool.de,https://raw.githubusercontent.com/andoniaf/mining-pools-list/master/mining-pools.lst
nn.monero.lindon-pool.win,https://raw.githubusercontent.com/andoniaf/mining-pools-list/master/mining-pools.lst
nnc.mypool.name,https://raw.githubusercontent.com/andoniaf/mining-pools-list/master/mining-pools.lst
nnc.mypool.online,https://raw.githubusercontent.com/andoniaf/mining-pools-list/master/mining-pools.lst
oec.extremepool.org,https://raw.githubusercontent.com/andoniaf/mining-pools-list/master/mining-pools.lst
oldtips.poolto.be,https://raw.githubusercontent.com/andoniaf/mining-pools-list/master/mining-pools.lst
orb.chekazpools.com,https://raw.githubusercontent.com/andoniaf/mining-pools-list/master/mining-pools.lst
p2p-multipool.eu,https://raw.githubusercontent.com/andoniaf/mining-pools-list/master/mining-pools.lst
p2p-multipool.greengaming.de,https://raw.githubusercontent.com/andoniaf/mining-pools-list/master/mining-pools.lst
p2pool.in,https://raw.githubusercontent.com/andoniaf/mining-pools-list/master/mining-pools.lst
p2pool.info,https://raw.githubusercontent.com/andoniaf/mining-pools-list/master/mining-pools.lst
p2pool.kosmoplovci.org,https://raw.githubusercontent.com/andoniaf/mining-pools-list/master/mining-pools.lst
p2pool.litecointools.com,https://raw.githubusercontent.com/andoniaf/mining-pools-list/master/mining-pools.lst
p2pool.neocities.org,https://raw.githubusercontent.com/andoniaf/mining-pools-list/master/mining-pools.lst
p2pool.org,https://raw.githubusercontent.com/andoniaf/mining-pools-list/master/mining-pools.lst
p2poolmining.com,https://raw.githubusercontent.com/andoniaf/mining-pools-list/master/mining-pools.lst
p2poolmining.de,https://raw.githubusercontent.com/andoniaf/mining-pools-list/master/mining-pools.lst
p2poolmining.net,https://raw.githubusercontent.com/andoniaf/mining-pools-list/master/mining-pools.lst
pandapool.io,https://raw.githubusercontent.com/andoniaf/mining-pools-list/master/mining-pools.lst
pasc.nanopool.org,https://raw.githubusercontent.com/andoniaf/mining-pools-list/master/mining-pools.lst
pasc-eu1.nanopool.org,https://raw.githubusercontent.com/andoniaf/mining-pools-list/master/mining-pools.lst
pasc-eu2.nanopool.org,https://raw.githubusercontent.com/andoniaf/mining-pools-list/master/mining-pools.lst
phoenixcoin.miningpoolhub.com,https://raw.githubusercontent.com/andoniaf/mining-pools-list/master/mining-pools.lst
phx-2.xmrpool.net,https://raw.githubusercontent.com/andoniaf/mining-pools-list/master/mining-pools.lst
phx-3.xmrpool.net,https://raw.githubusercontent.com/andoniaf/mining-pools-list/master/mining-pools.lst
phx-4.xmrpool.net,https://raw.githubusercontent.com/andoniaf/mining-pools-list/master/mining-pools.lst
pirl.drowningpool.net,https://raw.githubusercontent.com/andoniaf/mining-pools-list/master/mining-pools.lst
pirl.mypool.online,https://raw.githubusercontent.com/andoniaf/mining-pools-list/master/mining-pools.lst
pivx.cryptopool.io,https://raw.githubusercontent.com/andoniaf/mining-pools-list/master/mining-pools.lst
pool.aeon.hashvault.pro,https://raw.githubusercontent.com/andoniaf/mining-pools-list/master/mining-pools.lst
pool.antpool.com,https://raw.githubusercontent.com/andoniaf/mining-pools-list/master/mining-pools.lst
pool.ar-net.info,https://raw.githubusercontent.com/andoniaf/mining-pools-list/master/mining-pools.lst
pool.bitcoin.com,https://raw.githubusercontent.com/andoniaf/mining-pools-list/master/mining-pools.lst
pool.bitcoin.cz,https://raw.githubusercontent.com/andoniaf/mining-pools-list/master/mining-pools.lst
pool.bohemianpool.com,https://raw.githubusercontent.com/andoniaf/mining-pools-list/master/mining-pools.lst
pool.btcchina.com,https://raw.githubusercontent.com/andoniaf/mining-pools-list/master/mining-pools.lst
pool.burstmarketplace.com,https://raw.githubusercontent.com/andoniaf/mining-pools-list/master/mining-pools.lst
pool.chaucha.cl,https://raw.githubusercontent.com/andoniaf/mining-pools-list/master/mining-pools.lst
pool.ckpool.org,https://raw.githubusercontent.com/andoniaf/mining-pools-list/master/mining-pools.lst
pool.cloudcoins.co,https://raw.githubusercontent.com/andoniaf/mining-pools-list/master/mining-pools.lst
pool.coinimp.com,https://raw.githubusercontent.com/andoniaf/mining-pools-list/master/mining-pools.lst
pool.coinlab.biz,https://raw.githubusercontent.com/andoniaf/mining-pools-list/master/mining-pools.lst
pool.coinrail.io,https://raw.githubusercontent.com/andoniaf/mining-pools-list/master/mining-pools.lst
pool.coinversus.com,https://raw.githubusercontent.com/andoniaf/mining-pools-list/master/mining-pools.lst
pool.cryptmonero.com,https://raw.githubusercontent.com/andoniaf/mining-pools-list/master/mining-pools.lst
pool.cryptoescrow.eu,https://raw.githubusercontent.com/andoniaf/mining-pools-list/master/mining-pools.lst
pool.cryptonoter.com,https://raw.githubusercontent.com/andoniaf/mining-pools-list/master/mining-pools.lst
pool.ekanembtc.com,https://raw.githubusercontent.com/andoniaf/mining-pools-list/master/mining-pools.lst
pool.electroneum.hashvault.pro,https://raw.githubusercontent.com/andoniaf/mining-pools-list/master/mining-pools.lst
pool.eth.pp.ua,https://raw.githubusercontent.com/andoniaf/mining-pools-list/master/mining-pools.lst
pool.etn.spacepools.org,https://raw.githubusercontent.com/andoniaf/mining-pools-list/master/mining-pools.lst
pool.fonero.hashvault.pro,https://raw.githubusercontent.com/andoniaf/mining-pools-list/master/mining-pools.lst
pool.gigarho.com,https://raw.githubusercontent.com/andoniaf/mining-pools-list/master/mining-pools.lst
pool.gq,https://raw.githubusercontent.com/andoniaf/mining-pools-list/master/mining-pools.lst
pool.groupfabric.com,https://raw.githubusercontent.com/andoniaf/mining-pools-list/master/mining-pools.lst
pool.hashbag.cc,https://raw.githubusercontent.com/andoniaf/mining-pools-list/master/mining-pools.lst
pool.hashrefinery.com,https://raw.githubusercontent.com/andoniaf/mining-pools-list/master/mining-pools.lst
pool.hws.ru,https://raw.githubusercontent.com/andoniaf/mining-pools-list/master/mining-pools.lst
pool.intense.hashvault.pro,https://raw.githubusercontent.com/andoniaf/mining-pools-list/master/mining-pools.lst
pool.ipominer.com,https://raw.githubusercontent.com/andoniaf/mining-pools-list/master/mining-pools.lst
pool.kosmoplovci.org,https://raw.githubusercontent.com/andoniaf/mining-pools-list/master/mining-pools.lst
pool.minemonero.pro,https://raw.githubusercontent.com/andoniaf/mining-pools-list/master/mining-pools.lst
pool.miners.pro,https://raw.githubusercontent.com/andoniaf/mining-pools-list/master/mining-pools.lst
pool.minersisland.com,https://raw.githubusercontent.com/andoniaf/mining-pools-list/master/mining-pools.lst
pool.minexmr.com,https://raw.githubusercontent.com/andoniaf/mining-pools-list/master/mining-pools.lst
pool.miningspeed.com,https://raw.githubusercontent.com/andoniaf/mining-pools-list/master/mining-pools.lst
pool.ml,https://raw.githubusercontent.com/andoniaf/mining-pools-list/master/mining-pools.lst
pool.monero.hashvault.pro,https://raw.githubusercontent.com/andoniaf/mining-pools-list/master/mining-pools.lst
pool.moneropool.com,https://raw.githubusercontent.com/andoniaf/mining-pools-list/master/mining-pools.lst
pool.moneropool.nl,https://raw.githubusercontent.com/andoniaf/mining-pools-list/master/mining-pools.lst
pool.moriaxmr.com,https://raw.githubusercontent.com/andoniaf/mining-pools-list/master/mining-pools.lst
pool.paycoinalt.com,https://raw.githubusercontent.com/andoniaf/mining-pools-list/master/mining-pools.lst
pool.qp.si,https://raw.githubusercontent.com/andoniaf/mining-pools-list/master/mining-pools.lst
pool.stalwartbucks.com,https://raw.githubusercontent.com/andoniaf/mining-pools-list/master/mining-pools.lst
pool.sumokoin.com,https://raw.githubusercontent.com/andoniaf/mining-pools-list/master/mining-pools.lst
pool.sumokoin.hashvault.pro,https://raw.githubusercontent.com/andoniaf/mining-pools-list/master/mining-pools.lst
pool.supportxmr.com,https://raw.githubusercontent.com/andoniaf/mining-pools-list/master/mining-pools.lst
pool.webcoin.us,https://raw.githubusercontent.com/andoniaf/mining-pools-list/master/mining-pools.lst
pool.xmr.pt,https://raw.githubusercontent.com/andoniaf/mining-pools-list/master/mining-pools.lst
pool.xmrpool.de,https://raw.githubusercontent.com/andoniaf/mining-pools-list/master/mining-pools.lst
pool.zeropool.org,https://raw.githubusercontent.com/andoniaf/mining-pools-list/master/mining-pools.lst
pool1.cryptopoolmining.com,https://raw.githubusercontent.com/andoniaf/mining-pools-list/master/mining-pools.lst
pool1.minergate.com,https://raw.githubusercontent.com/andoniaf/mining-pools-list/master/mining-pools.lst
pool1.us.multipool.us,https://raw.githubusercontent.com/andoniaf/mining-pools-list/master/mining-pools.lst
pool2.coinimp.com,https://raw.githubusercontent.com/andoniaf/mining-pools-list/master/mining-pools.lst
poolcn.btcchina.com,https://raw.githubusercontent.com/andoniaf/mining-pools-list/master/mining-pools.lst
pooldd.com,https://raw.githubusercontent.com/andoniaf/mining-pools-list/master/mining-pools.lst
pool-de.supportxmr.com,https://raw.githubusercontent.com/andoniaf/mining-pools-list/master/mining-pools.lst
pool-hk.supportxmr.com,https://raw.githubusercontent.com/andoniaf/mining-pools-list/master/mining-pools.lst
pooling.cf,https://raw.githubusercontent.com/andoniaf/mining-pools-list/master/mining-pools.lst
poolisto.com,https://raw.githubusercontent.com/andoniaf/mining-pools-list/master/mining-pools.lst
poolmin.com,https://raw.githubusercontent.com/andoniaf/mining-pools-list/master/mining-pools.lst
poolmining.eu,https://raw.githubusercontent.com/andoniaf/mining-pools-list/master/mining-pools.lst
poolmining.net,https://raw.githubusercontent.com/andoniaf/mining-pools-list/master/mining-pools.lst
poolmining.org,https://raw.githubusercontent.com/andoniaf/mining-pools-list/master/mining-pools.lst
pool-nyc.supportxmr.com,https://raw.githubusercontent.com/andoniaf/mining-pools-list/master/mining-pools.lst
pools.tugae2.com,https://raw.githubusercontent.com/andoniaf/mining-pools-list/master/mining-pools.lst
poolsupport.bitcoin.com,https://raw.githubusercontent.com/andoniaf/mining-pools-list/master/mining-pools.lst
pooltest.graft.network,https://raw.githubusercontent.com/andoniaf/mining-pools-list/master/mining-pools.lst
poolto.be,https://raw.githubusercontent.com/andoniaf/mining-pools-list/master/mining-pools.lst
poolv1.btcchina.com,https://raw.githubusercontent.com/andoniaf/mining-pools-list/master/mining-pools.lst
pool-vegas.xmrpool.net,https://raw.githubusercontent.com/andoniaf/mining-pools-list/master/mining-pools.lst
pop.pools.triplehexxx.net,https://raw.githubusercontent.com/andoniaf/mining-pools-list/master/mining-pools.lst
pop3.cryptominingpool.eu,https://raw.githubusercontent.com/andoniaf/mining-pools-list/master/mining-pools.lst
potcoin.miningpoolhub.com,https://raw.githubusercontent.com/andoniaf/mining-pools-list/master/mining-pools.lst
profit.pool.bitcoin.com,https://raw.githubusercontent.com/andoniaf/mining-pools-list/master/mining-pools.lst
ptsmine.beeeeer.org,https://raw.githubusercontent.com/andoniaf/mining-pools-list/master/mining-pools.lst
ptspool.1gh.com,https://raw.githubusercontent.com/andoniaf/mining-pools-list/master/mining-pools.lst
public.deltapool.net,https://raw.githubusercontent.com/andoniaf/mining-pools-list/master/mining-pools.lst
qcn.cryptity.com,https://raw.githubusercontent.com/andoniaf/mining-pools-list/master/mining-pools.lst
qcn.ext-pool.net,https://raw.githubusercontent.com/andoniaf/mining-pools-list/master/mining-pools.lst
qcn.extremepool.org,https://raw.githubusercontent.com/andoniaf/mining-pools-list/master/mining-pools.lst
qcn.hashinvest.ws,https://raw.githubusercontent.com/andoniaf/mining-pools-list/master/mining-pools.lst
qcn.mypool.name,https://raw.githubusercontent.com/andoniaf/mining-pools-list/master/mining-pools.lst
qcn.mypool.online,https://raw.githubusercontent.com/andoniaf/mining-pools-list/master/mining-pools.lst
qcn.pool.minergate.com,https://raw.githubusercontent.com/andoniaf/mining-pools-list/master/mining-pools.lst
qcn.server.5limi.com,https://raw.githubusercontent.com/andoniaf/mining-pools-list/master/mining-pools.lst
qcnpool.org,https://raw.githubusercontent.com/andoniaf/mining-pools-list/master/mining-pools.lst
quark.miningpoolhub.com,https://raw.githubusercontent.com/andoniaf/mining-pools-list/master/mining-pools.lst
ratchetmining.com,https://raw.githubusercontent.com/andoniaf/mining-pools-list/master/mining-pools.lst
rdd.coinedpool.com,https://raw.githubusercontent.com/andoniaf/mining-pools-list/master/mining-pools.lst
relay.ypool.net,https://raw.githubusercontent.com/andoniaf/mining-pools-list/master/mining-pools.lst
rsk.antpool.com,https://raw.githubusercontent.com/andoniaf/mining-pools-list/master/mining-pools.lst
sbk.extremepool.org,https://raw.githubusercontent.com/andoniaf/mining-pools-list/master/mining-pools.lst
sc.f2pool.com,https://raw.githubusercontent.com/andoniaf/mining-pools-list/master/mining-pools.lst
scrypt.mine.zpool.ca,https://raw.githubusercontent.com/andoniaf/mining-pools-list/master/mining-pools.lst
sea.wafflepool.com,https://raw.githubusercontent.com/andoniaf/mining-pools-list/master/mining-pools.lst
securecoin.miningpoolhub.com,https://raw.githubusercontent.com/andoniaf/mining-pools-list/master/mining-pools.lst
server.aikapool.com,https://raw.githubusercontent.com/andoniaf/mining-pools-list/master/mining-pools.lst
sexcoin.miningpoolhub.com,https://raw.githubusercontent.com/andoniaf/mining-pools-list/master/mining-pools.lst
sg.stratum.slushpool.com,https://raw.githubusercontent.com/andoniaf/mining-pools-list/master/mining-pools.lst
sheepman.mine.bz,https://raw.githubusercontent.com/andoniaf/mining-pools-list/master/mining-pools.lst
sia.nanopool.org,https://raw.githubusercontent.com/andoniaf/mining-pools-list/master/mining-pools.lst
sia-asia1.nanopool.org,https://raw.githubusercontent.com/andoniaf/mining-pools-list/master/mining-pools.lst
siacoin.miningpoolhub.com,https://raw.githubusercontent.com/andoniaf/mining-pools-list/master/mining-pools.lst
sia-eu1.nanopool.org,https://raw.githubusercontent.com/andoniaf/mining-pools-list/master/mining-pools.lst
sia-eu2.nanopool.org,https://raw.githubusercontent.com/andoniaf/mining-pools-list/master/mining-pools.lst
sia-us-east1.nanopool.org,https://raw.githubusercontent.com/andoniaf/mining-pools-list/master/mining-pools.lst
sia-us-west1.nanopool.org,https://raw.githubusercontent.com/andoniaf/mining-pools-list/master/mining-pools.lst
slushpool.com,https://raw.githubusercontent.com/andoniaf/mining-pools-list/master/mining-pools.lst
smartcoin.miningpoolhub.com,https://raw.githubusercontent.com/andoniaf/mining-pools-list/master/mining-pools.lst
smtp.cryptominingpool.eu,https://raw.githubusercontent.com/andoniaf/mining-pools-list/master/mining-pools.lst
smtp.slushpool.com,https://raw.githubusercontent.com/andoniaf/mining-pools-list/master/mining-pools.lst
snowgempool.com,https://raw.githubusercontent.com/andoniaf/mining-pools-list/master/mining-pools.lst
solarcoin.miningpoolhub.com,https://raw.githubusercontent.com/andoniaf/mining-pools-list/master/mining-pools.lst
solo.antpool.com,https://raw.githubusercontent.com/andoniaf/mining-pools-list/master/mining-pools.lst
solo.ckpool.org,https://raw.githubusercontent.com/andoniaf/mining-pools-list/master/mining-pools.lst
sologateway.ckpool.org,https://raw.githubusercontent.com/andoniaf/mining-pools-list/master/mining-pools.lst
sopool.us,https://raw.githubusercontent.com/andoniaf/mining-pools-list/master/mining-pools.lst
spacepools.org,https://raw.githubusercontent.com/andoniaf/mining-pools-list/master/mining-pools.lst
spaincoin.miningpoolhub.com,https://raw.githubusercontent.com/andoniaf/mining-pools-list/master/mining-pools.lst
startcoin.miningpoolhub.com,https://raw.githubusercontent.com/andoniaf/mining-pools-list/master/mining-pools.lst
static.btgpool.pro,https://raw.githubusercontent.com/andoniaf/mining-pools-list/master/mining-pools.lst
steamoctanepool.com,https://raw.githubusercontent.com/andoniaf/mining-pools-list/master/mining-pools.lst
stratum.aikapool.com,https://raw.githubusercontent.com/andoniaf/mining-pools-list/master/mining-pools.lst
stratum.antpool.com,https://raw.githubusercontent.com/andoniaf/mining-pools-list/master/mining-pools.lst
stratum.asicpool.info,https://raw.githubusercontent.com/andoniaf/mining-pools-list/master/mining-pools.lst
stratum.ckpool.org,https://raw.githubusercontent.com/andoniaf/mining-pools-list/master/mining-pools.lst
stratum.coinspool.cu.cc,https://raw.githubusercontent.com/andoniaf/mining-pools-list/master/mining-pools.lst
stratum.cryptofrenzy.eu,https://raw.githubusercontent.com/andoniaf/mining-pools-list/master/mining-pools.lst
stratum.deltapool.net,https://raw.githubusercontent.com/andoniaf/mining-pools-list/master/mining-pools.lst
stratum.f2pool.com,https://raw.githubusercontent.com/andoniaf/mining-pools-list/master/mining-pools.lst
stratum.f2xtpool.com,https://raw.githubusercontent.com/andoniaf/mining-pools-list/master/mining-pools.lst
stratum.slushpool.com,https://raw.githubusercontent.com/andoniaf/mining-pools-list/master/mining-pools.lst
stratum-dash.antpool.com,https://raw.githubusercontent.com/andoniaf/mining-pools-list/master/mining-pools.lst
stratum-etc.antpool.com,https://raw.githubusercontent.com/andoniaf/mining-pools-list/master/mining-pools.lst
stratum-eth.antpool.com,https://raw.githubusercontent.com/andoniaf/mining-pools-list/master/mining-pools.lst
stratum-ltc.antpool.com,https://raw.githubusercontent.com/andoniaf/mining-pools-list/master/mining-pools.lst
stratum-us.f2pool.com,https://raw.githubusercontent.com/andoniaf/mining-pools-list/master/mining-pools.lst
stratum-zec.antpool.com,https://raw.githubusercontent.com/andoniaf/mining-pools-list/master/mining-pools.lst
sumo.bohemianpool.com,https://raw.githubusercontent.com/andoniaf/mining-pools-list/master/mining-pools.lst
sumo.lindon-pool.win,https://raw.githubusercontent.com/andoniaf/mining-pools-list/master/mining-pools.lst
sumo.night-pool.de,https://raw.githubusercontent.com/andoniaf/mining-pools-list/master/mining-pools.lst
sumo.poolto.be,https://raw.githubusercontent.com/andoniaf/mining-pools-list/master/mining-pools.lst
support.slushpool.com,https://raw.githubusercontent.com/andoniaf/mining-pools-list/master/mining-pools.lst
support.zpool.ca,https://raw.githubusercontent.com/andoniaf/mining-pools-list/master/mining-pools.lst
sys.poolto.be,https://raw.githubusercontent.com/andoniaf/mining-pools-list/master/mining-pools.lst
teracycle.net,https://raw.githubusercontent.com/andoniaf/mining-pools-list/master/mining-pools.lst
test.miningpoolhub.com,https://raw.githubusercontent.com/andoniaf/mining-pools-list/master/mining-pools.lst
testnet-api.xmrpool.net,https://raw.githubusercontent.com/andoniaf/mining-pools-list/master/mining-pools.lst
theminingpool.thruhere.net,https://raw.githubusercontent.com/andoniaf/mining-pools-list/master/mining-pools.lst
ubiq.drowningpool.net,https://raw.githubusercontent.com/andoniaf/mining-pools-list/master/mining-pools.lst
ubq.mypool.online,https://raw.githubusercontent.com/andoniaf/mining-pools-list/master/mining-pools.lst
ubq.poolto.be,https://raw.githubusercontent.com/andoniaf/mining-pools-list/master/mining-pools.lst
ufocoin.miningpoolhub.com,https://raw.githubusercontent.com/andoniaf/mining-pools-list/master/mining-pools.lst
ukp2pool.uk,https://raw.githubusercontent.com/andoniaf/mining-pools-list/master/mining-pools.lst
ultrboocrybbr.extremepool.org,https://raw.githubusercontent.com/andoniaf/mining-pools-list/master/mining-pools.lst
uro.miningpoolhub.com,https://raw.githubusercontent.com/andoniaf/mining-pools-list/master/mining-pools.lst
us.litecoinpool.org,https://raw.githubusercontent.com/andoniaf/mining-pools-list/master/mining-pools.lst
us.multipool.us,https://raw.githubusercontent.com/andoniaf/mining-pools-list/master/mining-pools.lst
us1.ethpool.org,https://raw.githubusercontent.com/andoniaf/mining-pools-list/master/mining-pools.lst
us1-zcash.flypool.org,https://raw.githubusercontent.com/andoniaf/mining-pools-list/master/mining-pools.lst
us2.ethpool.org,https://raw.githubusercontent.com/andoniaf/mining-pools-list/master/mining-pools.lst
us2.litecoinpool.org,https://raw.githubusercontent.com/andoniaf/mining-pools-list/master/mining-pools.lst
usa.tompool.org,https://raw.githubusercontent.com/andoniaf/mining-pools-list/master/mining-pools.lst
us-east.cryptonight-hub.miningpoolhub.com,https://raw.githubusercontent.com/andoniaf/mining-pools-list/master/mining-pools.lst
us-east.equihash-hub.miningpoolhub.com,https://raw.githubusercontent.com/andoniaf/mining-pools-list/master/mining-pools.lst
us-east.ethash-hub.miningpoolhub.com,https://raw.githubusercontent.com/andoniaf/mining-pools-list/master/mining-pools.lst
us-east.lyra2z-hub.miningpoolhub.com,https://raw.githubusercontent.com/andoniaf/mining-pools-list/master/mining-pools.lst
us-east.monero.miningpoolhub.com,https://raw.githubusercontent.com/andoniaf/mining-pools-list/master/mining-pools.lst
us-east.multipool.us,https://raw.githubusercontent.com/andoniaf/mining-pools-list/master/mining-pools.lst
us-east.stratum.slushpool.com,https://raw.githubusercontent.com/andoniaf/mining-pools-list/master/mining-pools.lst
useast.wafflepool.com,https://raw.githubusercontent.com/andoniaf/mining-pools-list/master/mining-pools.lst
us-east.zec.slushpool.com,https://raw.githubusercontent.com/andoniaf/mining-pools-list/master/mining-pools.lst
us-east1.ethereum.miningpoolhub.com,https://raw.githubusercontent.com/andoniaf/mining-pools-list/master/mining-pools.lst
us-east-1.multipool.us,https://raw.githubusercontent.com/andoniaf/mining-pools-list/master/mining-pools.lst
us-east1.nanopool.org,https://raw.githubusercontent.com/andoniaf/mining-pools-list/master/mining-pools.lst
us-east2.multipool.us,https://raw.githubusercontent.com/andoniaf/mining-pools-list/master/mining-pools.lst
us-west.multipool.us,https://raw.githubusercontent.com/andoniaf/mining-pools-list/master/mining-pools.lst
uswest.wafflepool.com,https://raw.githubusercontent.com/andoniaf/mining-pools-list/master/mining-pools.lst
us-west1.nanopool.org,https://raw.githubusercontent.com/andoniaf/mining-pools-list/master/mining-pools.lst
us-west2.multipool.us,https://raw.githubusercontent.com/andoniaf/mining-pools-list/master/mining-pools.lst
usxmrpool.com,https://raw.githubusercontent.com/andoniaf/mining-pools-list/master/mining-pools.lst
validator.btgpool.pro,https://raw.githubusercontent.com/andoniaf/mining-pools-list/master/mining-pools.lst
vcash.miningpoolhub.com,https://raw.githubusercontent.com/andoniaf/mining-pools-list/master/mining-pools.lst
vegas-1.xmrpool.net,https://raw.githubusercontent.com/andoniaf/mining-pools-list/master/mining-pools.lst
vegas-backup.xmrpool.net,https://raw.githubusercontent.com/andoniaf/mining-pools-list/master/mining-pools.lst
verge-scrypt.miningpoolhub.com,https://raw.githubusercontent.com/andoniaf/mining-pools-list/master/mining-pools.lst
vertcoin.miningpoolhub.com,https://raw.githubusercontent.com/andoniaf/mining-pools-list/master/mining-pools.lst
viaxmr.com,https://raw.githubusercontent.com/andoniaf/mining-pools-list/master/mining-pools.lst
vip.antpool.com,https://raw.githubusercontent.com/andoniaf/mining-pools-list/master/mining-pools.lst
vip.slushpool.com,https://raw.githubusercontent.com/andoniaf/mining-pools-list/master/mining-pools.lst
virtualminingcoin.miningpoolhub.com,https://raw.githubusercontent.com/andoniaf/mining-pools-list/master/mining-pools.lst
vps.btgpool.pro,https://raw.githubusercontent.com/andoniaf/mining-pools-list/master/mining-pools.lst
vtc.poolmining.org,https://raw.githubusercontent.com/andoniaf/mining-pools-list/master/mining-pools.lst
wallet.btgpool.pro,https://raw.githubusercontent.com/andoniaf/mining-pools-list/master/mining-pools.lst
wallet.eth.mypool.online,https://raw.githubusercontent.com/andoniaf/mining-pools-list/master/mining-pools.lst
wallet.ypool.net,https://raw.githubusercontent.com/andoniaf/mining-pools-list/master/mining-pools.lst
webcoin.me,https://raw.githubusercontent.com/andoniaf/mining-pools-list/master/mining-pools.lst
webdisk.graftpool.net,https://raw.githubusercontent.com/andoniaf/mining-pools-list/master/mining-pools.lst
webmail.graftpool.net,https://raw.githubusercontent.com/andoniaf/mining-pools-list/master/mining-pools.lst
webmail.xzpool.com,https://raw.githubusercontent.com/andoniaf/mining-pools-list/master/mining-pools.lst
webminepool.com,https://raw.githubusercontent.com/andoniaf/mining-pools-list/master/mining-pools.lst
webminepool.tk,https://raw.githubusercontent.com/andoniaf/mining-pools-list/master/mining-pools.lst
webminerpool.com,https://raw.githubusercontent.com/andoniaf/mining-pools-list/master/mining-pools.lst
whirlpoolx.br.nicehash.com,https://raw.githubusercontent.com/andoniaf/mining-pools-list/master/mining-pools.lst
whirlpoolx.eu.nicehash.com,https://raw.githubusercontent.com/andoniaf/mining-pools-list/master/mining-pools.lst
whirlpoolx.hk.nicehash.com,https://raw.githubusercontent.com/andoniaf/mining-pools-list/master/mining-pools.lst
whirlpoolx.in.nicehash.com,https://raw.githubusercontent.com/andoniaf/mining-pools-list/master/mining-pools.lst
whirlpoolx.jp.nicehash.com,https://raw.githubusercontent.com/andoniaf/mining-pools-list/master/mining-pools.lst
whirlpoolx.usa.nicehash.com,https://raw.githubusercontent.com/andoniaf/mining-pools-list/master/mining-pools.lst
work.mmcpool.com,https://raw.githubusercontent.com/andoniaf/mining-pools-list/master/mining-pools.lst
ws.xmrpool.net,https://raw.githubusercontent.com/andoniaf/mining-pools-list/master/mining-pools.lst
ww1.extremepool.org,https://raw.githubusercontent.com/andoniaf/mining-pools-list/master/mining-pools.lst
www.aikapool.com,https://raw.githubusercontent.com/andoniaf/mining-pools-list/master/mining-pools.lst
www.altpool.pro,https://raw.githubusercontent.com/andoniaf/mining-pools-list/master/mining-pools.lst
www.antpool.com,https://raw.githubusercontent.com/andoniaf/mining-pools-list/master/mining-pools.lst
www.bestETNpool.com,https://raw.githubusercontent.com/andoniaf/mining-pools-list/master/mining-pools.lst
www.blog.slushpool.com,https://raw.githubusercontent.com/andoniaf/mining-pools-list/master/mining-pools.lst
www.bohemianpool.com,https://raw.githubusercontent.com/andoniaf/mining-pools-list/master/mining-pools.lst
www.btgpool.pro,https://raw.githubusercontent.com/andoniaf/mining-pools-list/master/mining-pools.lst
www.ckpool.org,https://raw.githubusercontent.com/andoniaf/mining-pools-list/master/mining-pools.lst
www.cryptominingpool.eu,https://raw.githubusercontent.com/andoniaf/mining-pools-list/master/mining-pools.lst
www.crypto-pool.fr,https://raw.githubusercontent.com/andoniaf/mining-pools-list/master/mining-pools.lst
www.cryptoxpool.com,https://raw.githubusercontent.com/andoniaf/mining-pools-list/master/mining-pools.lst
www.deltapool.net,https://raw.githubusercontent.com/andoniaf/mining-pools-list/master/mining-pools.lst
www.dogepool.rf.gd,https://raw.githubusercontent.com/andoniaf/mining-pools-list/master/mining-pools.lst
www.drowningpool.net,https://raw.githubusercontent.com/andoniaf/mining-pools-list/master/mining-pools.lst
www.dwarfpool.com,https://raw.githubusercontent.com/andoniaf/mining-pools-list/master/mining-pools.lst
www.ethpool.org,https://raw.githubusercontent.com/andoniaf/mining-pools-list/master/mining-pools.lst
www.extremepool.org,https://raw.githubusercontent.com/andoniaf/mining-pools-list/master/mining-pools.lst
www.f2pool.com,https://raw.githubusercontent.com/andoniaf/mining-pools-list/master/mining-pools.lst
www.graftpool.net,https://raw.githubusercontent.com/andoniaf/mining-pools-list/master/mining-pools.lst
www.lindon-pool.win,https://raw.githubusercontent.com/andoniaf/mining-pools-list/master/mining-pools.lst
www.litecoinpool.org,https://raw.githubusercontent.com/andoniaf/mining-pools-list/master/mining-pools.lst
www.minecraftpool.com,https://raw.githubusercontent.com/andoniaf/mining-pools-list/master/mining-pools.lst
www.miningpoolhub.com,https://raw.githubusercontent.com/andoniaf/mining-pools-list/master/mining-pools.lst
www.monero.crypto-pool.fr,https://raw.githubusercontent.com/andoniaf/mining-pools-list/master/mining-pools.lst
www.moneropool.com,https://raw.githubusercontent.com/andoniaf/mining-pools-list/master/mining-pools.lst
www.multipool.us,https://raw.githubusercontent.com/andoniaf/mining-pools-list/master/mining-pools.lst
www.nanopool.org,https://raw.githubusercontent.com/andoniaf/mining-pools-list/master/mining-pools.lst
www.p2pool.in,https://raw.githubusercontent.com/andoniaf/mining-pools-list/master/mining-pools.lst
www.p2pool.info,https://raw.githubusercontent.com/andoniaf/mining-pools-list/master/mining-pools.lst
www.p2pool.org,https://raw.githubusercontent.com/andoniaf/mining-pools-list/master/mining-pools.lst
www.pool.coinimp.com,https://raw.githubusercontent.com/andoniaf/mining-pools-list/master/mining-pools.lst
www.pool.cryptonoter.com,https://raw.githubusercontent.com/andoniaf/mining-pools-list/master/mining-pools.lst
www.pool2.coinimp.com,https://raw.githubusercontent.com/andoniaf/mining-pools-list/master/mining-pools.lst
www.pooldd.com,https://raw.githubusercontent.com/andoniaf/mining-pools-list/master/mining-pools.lst
www.poolmining.org,https://raw.githubusercontent.com/andoniaf/mining-pools-list/master/mining-pools.lst
www.slushpool.com,https://raw.githubusercontent.com/andoniaf/mining-pools-list/master/mining-pools.lst
www.webminerpool.com,https://raw.githubusercontent.com/andoniaf/mining-pools-list/master/mining-pools.lst
www.xmrpool.net,https://raw.githubusercontent.com/andoniaf/mining-pools-list/master/mining-pools.lst
www.xzpool.com,https://raw.githubusercontent.com/andoniaf/mining-pools-list/master/mining-pools.lst
www.ypool.net,https://raw.githubusercontent.com/andoniaf/mining-pools-list/master/mining-pools.lst
www.zpool.ca,https://raw.githubusercontent.com/andoniaf/mining-pools-list/master/mining-pools.lst
x11.mine.zpool.ca,https://raw.githubusercontent.com/andoniaf/mining-pools-list/master/mining-pools.lst
x9.dnsseed.litecoinpool.org,https://raw.githubusercontent.com/andoniaf/mining-pools-list/master/mining-pools.lst
xci.mypool.name,https://raw.githubusercontent.com/andoniaf/mining-pools-list/master/mining-pools.lst
xci.mypool.online,https://raw.githubusercontent.com/andoniaf/mining-pools-list/master/mining-pools.lst
xcnpool2.1gh.com,https://raw.githubusercontent.com/andoniaf/mining-pools-list/master/mining-pools.lst
xcz.mypool.name,https://raw.githubusercontent.com/andoniaf/mining-pools-list/master/mining-pools.lst
xdn.pool.minergate.com,https://raw.githubusercontent.com/andoniaf/mining-pools-list/master/mining-pools.lst
xdn.poolto.be,https://raw.githubusercontent.com/andoniaf/mining-pools-list/master/mining-pools.lst
xdn-xmr.pool.minergate.com,https://raw.githubusercontent.com/andoniaf/mining-pools-list/master/mining-pools.lst
xevan.mine.zpool.ca,https://raw.githubusercontent.com/andoniaf/mining-pools-list/master/mining-pools.lst
xmd.mypool.name,https://raw.githubusercontent.com/andoniaf/mining-pools-list/master/mining-pools.lst
xmd.poolto.be,https://raw.githubusercontent.com/andoniaf/mining-pools-list/master/mining-pools.lst
xmr.bohemianpool.com,https://raw.githubusercontent.com/andoniaf/mining-pools-list/master/mining-pools.lst
xmr.coinmine.pl,https://raw.githubusercontent.com/andoniaf/mining-pools-list/master/mining-pools.lst
xmr.crypto-pool.fr,https://raw.githubusercontent.com/andoniaf/mining-pools-list/master/mining-pools.lst
xmr.crypto-pools.org,https://raw.githubusercontent.com/andoniaf/mining-pools-list/master/mining-pools.lst
xmr.-eu1.nanopool.org,https://raw.githubusercontent.com/andoniaf/mining-pools-list/master/mining-pools.lst
xmr.hashinvest.ws,https://raw.githubusercontent.com/andoniaf/mining-pools-list/master/mining-pools.lst
xmr.lindon-pool.win,https://raw.githubusercontent.com/andoniaf/mining-pools-list/master/mining-pools.lst
xmr.minecraftpool.com,https://raw.githubusercontent.com/andoniaf/mining-pools-list/master/mining-pools.lst
xmr.mixpools.org,https://raw.githubusercontent.com/andoniaf/mining-pools-list/master/mining-pools.lst
xmr.mypool.name,https://raw.githubusercontent.com/andoniaf/mining-pools-list/master/mining-pools.lst
xmr.mypool.online,https://raw.githubusercontent.com/andoniaf/mining-pools-list/master/mining-pools.lst
xmr.nanopool.org,https://raw.githubusercontent.com/andoniaf/mining-pools-list/master/mining-pools.lst
xmr.new.lindon-pool.win,https://raw.githubusercontent.com/andoniaf/mining-pools-list/master/mining-pools.lst
xmr.pool.minergate.com,https://raw.githubusercontent.com/andoniaf/mining-pools-list/master/mining-pools.lst
xmr.pools.e-scavo.net.ar,https://raw.githubusercontent.com/andoniaf/mining-pools-list/master/mining-pools.lst
xmr.poolto.be,https://raw.githubusercontent.com/andoniaf/mining-pools-list/master/mining-pools.lst
xmr.prohash.net,https://raw.githubusercontent.com/andoniaf/mining-pools-list/master/mining-pools.lst
xmr.suprnova.cc,https://raw.githubusercontent.com/andoniaf/mining-pools-list/master/mining-pools.lst
xmr1.crypto-pool.fr,https://raw.githubusercontent.com/andoniaf/mining-pools-list/master/mining-pools.lst
xmr10.crypto-pool.fr,https://raw.githubusercontent.com/andoniaf/mining-pools-list/master/mining-pools.lst
xmr3.crypto-pool.fr,https://raw.githubusercontent.com/andoniaf/mining-pools-list/master/mining-pools.lst
xmr5.crypto-pool.fr,https://raw.githubusercontent.com/andoniaf/mining-pools-list/master/mining-pools.lst
xmr6.crypto-pool.fr,https://raw.githubusercontent.com/andoniaf/mining-pools-list/master/mining-pools.lst
xmr7.crypto-pool.fr,https://raw.githubusercontent.com/andoniaf/mining-pools-list/master/mining-pools.lst
xmr8.crypto-pool.fr,https://raw.githubusercontent.com/andoniaf/mining-pools-list/master/mining-pools.lst
xmr-asia.nanopool.org,https://raw.githubusercontent.com/andoniaf/mining-pools-list/master/mining-pools.lst
xmr-asia1.nanopool.org,https://raw.githubusercontent.com/andoniaf/mining-pools-list/master/mining-pools.lst
xmr-au1.nanopool.org,https://raw.githubusercontent.com/andoniaf/mining-pools-list/master/mining-pools.lst
xmrdev.poolto.be,https://raw.githubusercontent.com/andoniaf/mining-pools-list/master/mining-pools.lst
xmr-eu.dwarfpool.com,https://raw.githubusercontent.com/andoniaf/mining-pools-list/master/mining-pools.lst
xmr-eu.nanopool.org,https://raw.githubusercontent.com/andoniaf/mining-pools-list/master/mining-pools.lst
xmr-eu1.nanopool.org,https://raw.githubusercontent.com/andoniaf/mining-pools-list/master/mining-pools.lst
xmr-eu2.nanopool.org,https://raw.githubusercontent.com/andoniaf/mining-pools-list/master/mining-pools.lst
xmr-eul.nanopool.org,https://raw.githubusercontent.com/andoniaf/mining-pools-list/master/mining-pools.lst
xmr-jp1.nanopool.org,https://raw.githubusercontent.com/andoniaf/mining-pools-list/master/mining-pools.lst
xmrpool.de,https://raw.githubusercontent.com/andoniaf/mining-pools-list/master/mining-pools.lst
xmrpool.eu,https://raw.githubusercontent.com/andoniaf/mining-pools-list/master/mining-pools.lst
xmrpool.net,https://raw.githubusercontent.com/andoniaf/mining-pools-list/master/mining-pools.lst
xmrpool.xyz,https://raw.githubusercontent.com/andoniaf/mining-pools-list/master/mining-pools.lst
xmrtest.poolto.be,https://raw.githubusercontent.com/andoniaf/mining-pools-list/master/mining-pools.lst
xmr-us.mixpools.org,https://raw.githubusercontent.com/andoniaf/mining-pools-list/master/mining-pools.lst
xmr-usa.dwarfpool.com,https://raw.githubusercontent.com/andoniaf/mining-pools-list/master/mining-pools.lst
xmr-us-east1.nanopool.org,https://raw.githubusercontent.com/andoniaf/mining-pools-list/master/mining-pools.lst
xmr-us-west1.nanopool.org,https://raw.githubusercontent.com/andoniaf/mining-pools-list/master/mining-pools.lst
xpool.net,https://raw.githubusercontent.com/andoniaf/mining-pools-list/master/mining-pools.lst
xptspool.upcpu.com,https://raw.githubusercontent.com/andoniaf/mining-pools-list/master/mining-pools.lst
xzpool.com,https://raw.githubusercontent.com/andoniaf/mining-pools-list/master/mining-pools.lst
yescrypt.mine.zpool.ca,https://raw.githubusercontent.com/andoniaf/mining-pools-list/master/mining-pools.lst
yiimp.mypool.online,https://raw.githubusercontent.com/andoniaf/mining-pools-list/master/mining-pools.lst
ypool.net,https://raw.githubusercontent.com/andoniaf/mining-pools-list/master/mining-pools.lst
z.coinpool.cloud,https://raw.githubusercontent.com/andoniaf/mining-pools-list/master/mining-pools.lst
z.lindon-pool.win,https://raw.githubusercontent.com/andoniaf/mining-pools-list/master/mining-pools.lst
za.miningpool.africa,https://raw.githubusercontent.com/andoniaf/mining-pools-list/master/mining-pools.lst
zcash.deltapool.net,https://raw.githubusercontent.com/andoniaf/mining-pools-list/master/mining-pools.lst
zcash.miningpoolhub.com,https://raw.githubusercontent.com/andoniaf/mining-pools-list/master/mining-pools.lst
zcl.nanopool.org,https://raw.githubusercontent.com/andoniaf/mining-pools-list/master/mining-pools.lst
zcl.poolto.be,https://raw.githubusercontent.com/andoniaf/mining-pools-list/master/mining-pools.lst
zclassic.miningpoolhub.com,https://raw.githubusercontent.com/andoniaf/mining-pools-list/master/mining-pools.lst
zcoin.miningpoolhub.com,https://raw.githubusercontent.com/andoniaf/mining-pools-list/master/mining-pools.lst
zdash.poolto.be,https://raw.githubusercontent.com/andoniaf/mining-pools-list/master/mining-pools.lst
zec.f2pool.com,https://raw.githubusercontent.com/andoniaf/mining-pools-list/master/mining-pools.lst
zec.nanopool.org,https://raw.githubusercontent.com/andoniaf/mining-pools-list/master/mining-pools.lst
zec.poolmining.eu,https://raw.githubusercontent.com/andoniaf/mining-pools-list/master/mining-pools.lst
zec.poolto.be,https://raw.githubusercontent.com/andoniaf/mining-pools-list/master/mining-pools.lst
zec.slushpool.com,https://raw.githubusercontent.com/andoniaf/mining-pools-list/master/mining-pools.lst
zec-asia1.nanopool.org,https://raw.githubusercontent.com/andoniaf/mining-pools-list/master/mining-pools.lst
zec-cn1.dwarfpool.com,https://raw.githubusercontent.com/andoniaf/mining-pools-list/master/mining-pools.lst
zec-eu1.dwarfpool.com,https://raw.githubusercontent.com/andoniaf/mining-pools-list/master/mining-pools.lst
zec-eu1.nanopool.org,https://raw.githubusercontent.com/andoniaf/mining-pools-list/master/mining-pools.lst
zec-eu2.nanopool.org,https://raw.githubusercontent.com/andoniaf/mining-pools-list/master/mining-pools.lst
zec-hk.f2pool.com,https://raw.githubusercontent.com/andoniaf/mining-pools-list/master/mining-pools.lst
zec-ru1.dwarfpool.com,https://raw.githubusercontent.com/andoniaf/mining-pools-list/master/mining-pools.lst
zec-us1.dwarfpool.com,https://raw.githubusercontent.com/andoniaf/mining-pools-list/master/mining-pools.lst
zec-us-east1.nanopool.org,https://raw.githubusercontent.com/andoniaf/mining-pools-list/master/mining-pools.lst
zec-us-west1.nanopool.org,https://raw.githubusercontent.com/andoniaf/mining-pools-list/master/mining-pools.lst
zecweb.antpool.com,https://raw.githubusercontent.com/andoniaf/mining-pools-list/master/mining-pools.lst
zen.getpool.network,https://raw.githubusercontent.com/andoniaf/mining-pools-list/master/mining-pools.lst
zen.poolto.be,https://raw.githubusercontent.com/andoniaf/mining-pools-list/master/mining-pools.lst
zergpool.com,https://raw.githubusercontent.com/andoniaf/mining-pools-list/master/mining-pools.lst
znode.coinpool.cloud,https://raw.githubusercontent.com/andoniaf/mining-pools-list/master/mining-pools.lst
znode.lindon-pool.win,https://raw.githubusercontent.com/andoniaf/mining-pools-list/master/mining-pools.lst
znode2.coinpool.cloud,https://raw.githubusercontent.com/andoniaf/mining-pools-list/master/mining-pools.lst
znode3.coinpool.cloud,https://raw.githubusercontent.com/andoniaf/mining-pools-list/master/mining-pools.lst
zpool.ca,https://raw.githubusercontent.com/andoniaf/mining-pools-list/master/mining-pools.lst
xminingool.com,https://raw.githubusercontent.com/andoniaf/mining-pools-list/master/mining-pools.lst
exremeool.org,https://raw.githubusercontent.com/andoniaf/mining-pools-list/master/mining-pools.lst
noclaymorefee.com,https://raw.githubusercontent.com/andoniaf/mining-pools-list/master/mining-pools.lst
niceool.org,https://raw.githubusercontent.com/andoniaf/mining-pools-list/master/mining-pools.lst
syaymining.com,https://raw.githubusercontent.com/andoniaf/mining-pools-list/master/mining-pools.lst
bbr.uniool.ro,https://raw.githubusercontent.com/andoniaf/mining-pools-list/master/mining-pools.lst
mulias.de,https://raw.githubusercontent.com/andoniaf/mining-pools-list/master/mining-pools.lst
monero.rs,https://raw.githubusercontent.com/andoniaf/mining-pools-list/master/mining-pools.lst
backu-ool.commonero,https://raw.githubusercontent.com/andoniaf/mining-pools-list/master/mining-pools.lst
stratum.antpool.com,https://cryptoioc.ch/downloads/csv
us-east.stratum.slushpool.com,https://cryptoioc.ch/downloads/csv
eu.stratum.slushpool.com,https://cryptoioc.ch/downloads/csv
cn.stratum.slushpool.com,https://cryptoioc.ch/downloads/csv
sg.stratum.slushpool.com,https://cryptoioc.ch/downloads/csv
stratum-eth.antpool.com,https://cryptoioc.ch/downloads/csv
stratum-ltc.antpool.com,https://cryptoioc.ch/downloads/csv
stratum-zec.antpool.com,https://cryptoioc.ch/downloads/csv
eth-eu1.nanopool.org,https://cryptoioc.ch/downloads/csv
eth-eu2.nanopool.org,https://cryptoioc.ch/downloads/csv
eth-us-east1.nanopool.org,https://cryptoioc.ch/downloads/csv
eth-us-west1.nanopool.org,https://cryptoioc.ch/downloads/csv
eth-asia1.nanopool.org,https://cryptoioc.ch/downloads/csv
eth-jp1.nanopool.org,https://cryptoioc.ch/downloads/csv
eth-au1.nanopool.org,https://cryptoioc.ch/downloads/csv
eu1.ethermine.org,https://cryptoioc.ch/downloads/csv
us1.ethermine.org,https://cryptoioc.ch/downloads/csv
us2.ethermine.org,https://cryptoioc.ch/downloads/csv
us1.ethpool.org,https://cryptoioc.ch/downloads/csv
us2.ethpool.org,https://cryptoioc.ch/downloads/csv
eu1.ethpool.org,https://cryptoioc.ch/downloads/csv
asia1.ethpool.org,https://cryptoioc.ch/downloads/csv
eth-eu.dwarfpool.com,https://cryptoioc.ch/downloads/csv
eth-us.dwarfpool.com,https://cryptoioc.ch/downloads/csv
eth-us2.dwarfpool.com,https://cryptoioc.ch/downloads/csv
eth-ru.dwarfpool.com,https://cryptoioc.ch/downloads/csv
eth-asia.dwarfpool.com,https://cryptoioc.ch/downloads/csv
eth-cn.dwarfpool.com,https://cryptoioc.ch/downloads/csv
eth-cn2.dwarfpool.com,https://cryptoioc.ch/downloads/csv
eth-sg.dwarfpool.com,https://cryptoioc.ch/downloads/csv
eth-au.dwarfpool.com,https://cryptoioc.ch/downloads/csv
eth-ru2.dwarfpool.com,https://cryptoioc.ch/downloads/csv
eth-hk.dwarfpool.com,https://cryptoioc.ch/downloads/csv
eth-br.dwarfpool.com,https://cryptoioc.ch/downloads/csv
eth-ar.dwarfpool.com,https://cryptoioc.ch/downloads/csv
xmr-eu1.nanopool.org,https://cryptoioc.ch/downloads/csv
xmr-eu2.nanopool.org,https://cryptoioc.ch/downloads/csv
xmr-us-east1.nanopool.org,https://cryptoioc.ch/downloads/csv
xmr-us-west1.nanopool.org,https://cryptoioc.ch/downloads/csv
xmr-asia1.nanopool.org,https://cryptoioc.ch/downloads/csv
xmr-jp1.nanopool.org,https://cryptoioc.ch/downloads/csv
xmr-au1.nanopool.org,https://cryptoioc.ch/downloads/csv
pool.supportxmr.com,https://cryptoioc.ch/downloads/csv
mine.xmrpool.net,https://cryptoioc.ch/downloads/csv
xmr.crypto-pool.fr,https://cryptoioc.ch/downloads/csv
pool.minexmr.com,https://cryptoioc.ch/downloads/csv
de.minexmr.com,https://cryptoioc.ch/downloads/csv
fr.minexmr.com,https://cryptoioc.ch/downloads/csv
ca.minexmr.com,https://cryptoioc.ch/downloads/csv
sg.minexmr.com,https://cryptoioc.ch/downloads/csv
mine.moneropool.com,https://cryptoioc.ch/downloads/csv
pool.monero.hashvault.pro,https://cryptoioc.ch/downloads/csv
xmr.pool.minergate.com,https://cryptoioc.ch/downloads/csv
